Results Table 1,,
,Specimen label,Specimen note 1
1,400,
,,
Time,Displacement,Force
(s),(mm),(N)
0,0,-2.5529
0.02,0.0014,-1.6167
0.04,0.0224,10.2085
0.06,0.09,44.898
0.08,0.2047,97.4895
0.1,0.3353,151.7307
0.12,0.468,201.5297
0.14,0.6028,246.7521
0.16,0.7388,287.0282
0.18,0.8746,322.7906
0.2,1.0094,354.7034
0.22,1.1433,383.6912
0.24,1.2767,410.381
0.26,1.41,435.6083
0.28,1.5434,459.891
0.3,1.677,482.7596
0.32,1.8104,504.3918
0.34,1.9437,524.9375
0.36,2.077,544.7941
0.38,2.2104,563.4425
0.4,2.3438,581.2493
0.42,2.4771,598.132
0.44,2.6103,614.2609
0.46,2.7436,629.4282
0.48,2.877,643.8538
0.5,3.0104,657.7215
0.52,3.1437,670.8438
0.54,3.277,683.3567
0.56,3.4104,695.2523
0.58,3.5437,706.7468
0.6,3.677,717.6
0.62,3.8103,727.9227
0.64,3.9437,737.7948
0.66,4.0771,747.1967
0.68,4.2104,756.0342
0.7,4.3437,764.3397
0.72,4.477,772.3242
0.74,4.6103,779.7836
0.76,4.7437,787.0541
0.78,4.877,793.838
0.8,5.0103,800.4517
0.82,5.1436,806.7278
0.84,5.277,812.6558
0.86,5.4104,818.3722
0.88,5.5436,823.832
0.9,5.677,829.0044
0.92,5.8104,833.9296
0.94,5.9438,838.6859
0.96,6.077,843.1237
0.98,6.2102,847.4593
1,6.3436,851.4697
1.02,6.477,855.3932
1.04,6.6104,859.1475
1.06,6.7437,862.5922
1.08,6.8771,865.9486
1.1,7.0105,869.1642
1.12,7.1438,872.2219
1.14,7.277,874.9843
1.16,7.4103,877.7206
1.18,7.5437,880.316
1.2,7.6771,882.9431
1.22,7.8105,885.1884
1.24,7.9437,887.3902
1.26,8.0771,889.4816
1.28,8.2105,891.4228
1.3,8.3439,893.1691
1.32,8.4771,894.7672
1.34,8.6102,896.5333
1.36,8.7434,898.1594
1.38,8.8768,899.6902
1.4,9.0103,901.0217
1.42,9.1437,902.3809
1.44,9.2771,903.5594
1.46,9.4105,904.7401
1.48,9.5439,905.7621
1.5,9.677,906.6033
1.52,9.8102,907.5825
1.54,9.9435,908.343
1.56,10.0769,909.1354
1.58,10.2104,909.8056
1.6,10.3437,910.5009
1.62,10.4771,911.0674
1.64,10.6105,911.5993
1.66,10.7437,912.0649
1.68,10.877,912.4703
1.7,11.0103,912.8155
1.72,11.1437,913.1359
1.74,11.2771,913.4924
1.76,11.4104,913.6614
1.78,11.5437,913.844
1.8,11.677,913.9219
1.82,11.8104,914.1486
1.84,11.9438,914.1837
1.86,12.0771,914.2103
1.88,12.2104,914.2019
1.9,12.3438,914.2563
1.92,12.4772,914.2032
1.94,12.6104,914.1057
1.96,12.7437,914.0832
1.98,12.877,913.9562
2,13.0104,913.9084
2.02,13.1437,913.6687
2.04,13.277,913.4731
2.06,13.4103,913.1956
2.08,13.5436,912.996
2.1,13.677,912.819
2.12,13.8104,912.558
2.14,13.9437,912.2293
2.16,14.0771,911.8144
2.18,14.2105,911.6262
2.2,14.3438,911.2788
2.22,14.477,910.9048
2.24,14.6103,910.4819
2.26,14.7436,910.113
2.28,14.8771,909.7144
2.3,15.0104,909.3221
2.32,15.1437,908.9301
2.34,15.277,908.5115
2.36,15.4104,908.0524
2.38,15.5437,907.5728
2.4,15.677,907.1151
2.42,15.8103,906.5616
2.44,15.9437,906.2104
2.46,16.077,905.6445
2.48,16.2103,905.2271
2.5,16.3437,904.7042
2.52,16.4771,904.2073
2.54,16.6105,903.7471
2.56,16.7439,903.2263
2.58,16.8772,902.7308
2.6,17.0104,902.1896
2.62,17.1435,901.7214
2.64,17.2768,901.1693
2.66,17.4103,900.7935
2.68,17.5437,900.2629
2.7,17.6772,899.787
2.72,17.8105,899.2365
2.74,17.9438,898.7587
2.76,18.077,898.2873
2.78,18.2103,897.8122
2.8,18.3436,897.4186
2.82,18.477,896.8555
2.84,18.6103,896.4068
2.86,18.7437,895.8461
2.88,18.8771,895.4207
2.9,19.0105,894.8765
2.92,19.1437,894.3779
2.94,19.277,893.8821
2.96,19.4104,893.3919
2.98,19.5437,892.9448
3,19.6771,892.4471
3.02,19.8103,892.0054
3.04,19.9436,891.4495
3.06,20.077,891.0221
3.08,20.2104,890.4235
3.1,20.3437,889.9352
3.12,20.4769,889.46
3.14,20.6103,889.0201
3.16,20.7437,888.5794
3.18,20.8771,888.1929
3.2,21.0104,887.8092
3.22,21.1437,887.2921
3.24,21.2771,886.8451
3.26,21.4105,886.3781
3.28,21.5437,886.0323
3.3,21.677,885.5915
3.32,21.8104,885.2612
3.34,21.9438,884.8291
3.36,22.0771,884.4533
3.38,22.2104,884.111
3.4,22.3437,883.6711
3.42,22.4771,883.3546
3.44,22.6104,882.9774
3.46,22.7437,882.7169
3.48,22.877,882.283
3.5,23.0104,882.0585
3.52,23.1437,881.6252
3.54,23.277,881.2902
3.56,23.4103,881.0127
3.58,23.5436,880.7497
3.6,23.6771,880.485
3.62,23.8105,880.1329
3.64,23.9437,879.8158
3.66,24.077,879.4494
3.68,24.2103,879.1721
3.7,24.3437,878.8315
3.72,24.4771,878.655
3.74,24.6104,878.3442
3.76,24.7437,878.0974
3.78,24.8771,877.8538
3.8,25.0104,877.5211
3.82,25.1437,877.2118
3.84,25.277,876.8719
3.86,25.4105,876.7009
3.88,25.5437,876.3653
3.9,25.6769,876.1918
3.92,25.8101,875.9435
3.94,25.9436,875.7591
3.96,26.0771,875.4752
3.98,26.2105,875.2978
4,26.3438,875.0762
4.02,26.4771,874.9395
4.04,26.6104,874.7173
4.06,26.7437,874.337
4.08,26.877,874.1945
4.1,27.0103,873.9807
4.12,27.1437,873.9142
4.14,27.2772,873.7311
4.16,27.4105,873.584
4.18,27.5437,873.3731
4.2,27.677,873.3308
4.22,27.8104,873.2245
4.24,27.9437,873.0798
4.26,28.0771,872.9762
4.28,28.2104,872.776
4.3,28.3437,872.689
4.32,28.4771,872.5085
4.34,28.6104,872.3748
4.36,28.7436,872.2202
4.38,28.8769,872.191
4.4,29.0104,872.0707
4.42,29.1438,871.9797
4.44,29.2771,871.8899
4.46,29.4104,871.7898
4.48,29.5438,871.6555
4.5,29.6771,871.4534
4.52,29.8104,871.4144
4.54,29.9436,871.2805
4.56,30.077,871.2158
4.58,30.2104,871.0588
4.6,30.3437,870.9819
4.62,30.477,870.9135
4.64,30.6103,870.8049
4.66,30.7437,870.7283
4.68,30.8771,870.6974
4.7,31.0105,870.5893
4.72,31.1437,870.4412
4.74,31.277,870.4499
4.76,31.4104,870.3643
4.78,31.5437,870.4014
4.8,31.677,870.3323
4.82,31.8104,870.3129
4.84,31.9438,870.28
4.86,32.0771,870.2243
4.88,32.2104,870.1406
4.9,32.3436,870.1226
4.92,32.477,870.1473
4.94,32.6104,870.1117
4.96,32.7438,870.1504
4.98,32.8771,870.1301
5,33.0104,870.1008
5.02,33.1437,870.0323
5.04,33.2771,870.1478
5.06,33.4104,870.0963
5.08,33.5437,870.0818
5.1,33.6771,870.1128
5.12,33.8105,870.1336
5.14,33.9438,870.2502
5.16,34.0769,870.1707
5.18,34.2101,870.1639
5.2,34.3436,870.1647
5.22,34.4771,870.2064
5.24,34.6105,870.1616
5.26,34.7437,870.1509
5.28,34.877,870.1131
5.3,35.0104,870.143
5.32,35.1436,870.1961
5.34,35.2769,870.202
5.36,35.4103,870.3049
5.38,35.5437,870.2428
5.4,35.6771,870.2469
5.42,35.8104,870.2284
5.44,35.9436,870.2908
5.46,36.077,870.2914
5.48,36.2104,870.3368
5.5,36.3438,870.32
5.52,36.4771,870.3698
5.54,36.6104,870.4373
5.56,36.7438,870.4639
5.58,36.8771,870.565
5.6,37.0104,870.5897
5.62,37.1437,870.726
5.64,37.277,870.6918
5.66,37.4104,870.7801
5.68,37.5437,870.8593
5.7,37.677,870.9908
5.72,37.8104,871.0784
5.74,37.9438,871.1133
5.76,38.0772,871.1223
5.78,38.2104,871.1662
5.8,38.3436,871.3149
5.82,38.4769,871.3038
5.84,38.6103,871.4683
5.86,38.7437,871.5019
5.88,38.877,871.6181
5.9,39.0104,871.6352
5.92,39.1438,871.6719
5.94,39.2771,871.716
5.96,39.4103,871.761
5.98,39.5436,871.8671
6,39.677,871.9561
6.02,39.8104,872.0658
6.04,39.9437,872.1006
6.06,40.077,872.2004
6.08,40.2103,872.2396
6.1,40.3437,872.4088
6.12,40.4771,872.422
6.14,40.6104,872.4738
6.16,40.7437,872.545
6.18,40.877,872.5721
6.2,41.0104,872.7125
6.22,41.1437,872.7966
6.24,41.277,872.8413
6.26,41.4104,872.8756
6.28,41.5438,873.0715
6.3,41.6771,873.0261
6.32,41.8104,873.1617
6.34,41.9437,873.2902
6.36,42.0771,873.4254
6.38,42.2105,873.5566
6.4,42.3439,873.6182
6.42,42.4771,873.7537
6.44,42.6103,873.8163
6.46,42.7436,873.924
6.48,42.877,874.035
6.5,43.0104,874.2522
6.52,43.1437,874.3209
6.54,43.2771,874.4758
6.56,43.4105,874.5755
6.58,43.5438,874.7158
6.6,43.677,874.7172
6.62,43.8103,874.7823
6.64,43.9436,874.9053
6.66,44.077,874.9716
6.68,44.2104,875.1523
6.7,44.3437,875.2171
6.72,44.4771,875.3958
6.74,44.6104,875.4651
6.76,44.7437,875.5543
6.78,44.877,875.5979
6.8,45.0104,875.7676
6.82,45.1438,875.8967
6.84,45.2771,875.993
6.86,45.4103,876.0891
6.88,45.5436,876.1384
6.9,45.6769,876.2774
6.92,45.8103,876.3483
6.94,45.9437,876.4929
6.96,46.0771,876.5556
6.98,46.2105,876.7306
7,46.3438,876.8127
7.02,46.4771,876.9164
7.04,46.6103,876.9996
7.06,46.7436,877.1394
7.08,46.877,877.2217
7.1,47.0104,877.3583
7.12,47.1438,877.5253
7.14,47.2771,877.5826
7.16,47.4104,877.7744
7.18,47.5438,877.9029
7.2,47.6771,878.0699
7.22,47.8104,878.091
7.24,47.9437,878.1929
7.26,48.077,878.3278
7.28,48.2104,878.4662
7.3,48.3437,878.6687
7.32,48.477,878.7678
7.34,48.6104,878.9662
7.36,48.7437,879.0811
7.38,48.877,879.1848
7.4,49.0104,879.2766
7.42,49.1437,879.5297
7.44,49.277,879.5997
7.46,49.4104,879.7462
7.48,49.5437,879.8105
7.5,49.6771,879.892
7.52,49.8104,880.0187
7.54,49.9438,880.1071
7.56,50.077,880.2445
7.58,50.2103,880.303
7.6,50.3437,880.4772
7.62,50.477,880.5853
7.64,50.6105,880.7168
7.66,50.7438,880.808
7.68,50.8771,881.0084
7.7,51.0103,881.1131
7.72,51.1435,881.2424
7.74,51.2768,881.3343
7.76,51.4103,881.439
7.78,51.5437,881.6624
7.8,51.6771,881.6781
7.82,51.8105,881.8531
7.84,51.9438,881.879
7.86,52.077,882.063
7.88,52.2103,882.1756
7.9,52.3437,882.3469
7.92,52.477,882.4576
7.94,52.6104,882.6039
7.96,52.7437,882.7365
7.98,52.877,882.9293
8,53.0104,883.1139
8.02,53.1437,883.2034
8.04,53.2771,883.3956
8.06,53.4105,883.4544
8.08,53.5438,883.6223
8.1,53.677,883.72
8.12,53.8103,883.8979
8.14,53.9436,884.0882
8.16,54.077,884.2518
8.18,54.2104,884.3994
8.2,54.3437,884.4963
8.22,54.477,884.5995
8.24,54.6104,884.6677
8.26,54.7438,884.8596
8.28,54.8771,884.9232
8.3,55.0104,885.1321
8.32,55.1437,885.1999
8.34,55.277,885.4026
8.36,55.4103,885.4964
8.38,55.5436,885.6157
8.4,55.677,885.7075
8.42,55.8104,885.7698
8.44,55.9438,885.9629
8.46,56.077,886.0767
8.48,56.2103,886.2897
8.5,56.3437,886.343
8.52,56.477,886.4841
8.54,56.6104,886.5639
8.56,56.7438,886.7209
8.58,56.8771,886.7924
8.6,57.0105,886.8937
8.62,57.1438,887.058
8.64,57.277,887.1741
8.66,57.4103,887.3971
8.68,57.5437,887.4662
8.7,57.6771,887.627
8.72,57.8105,887.8085
8.74,57.9438,888.0117
8.76,58.0771,888.1415
8.78,58.2104,888.3211
8.8,58.3437,888.4025
8.82,58.477,888.5511
8.84,58.6103,888.6771
8.86,58.7437,888.9233
8.88,58.8771,889.137
8.9,59.0104,889.1783
8.92,59.1438,889.3816
8.94,59.2771,889.4435
8.96,59.4105,889.6453
8.98,59.5437,889.7232
9,59.6769,889.8576
9.02,59.8102,889.9435
9.04,59.9436,890.0768
9.06,60.0771,890.2354
9.08,60.2104,890.3554
9.1,60.3438,890.4044
9.12,60.4771,890.5129
9.14,60.6104,890.7558
9.16,60.7436,890.8284
9.18,60.8768,890.9908
9.2,61.0102,891.0737
9.22,61.1437,891.2373
9.24,61.2771,891.3463
9.26,61.4104,891.4887
9.28,61.5437,891.6622
9.3,61.677,891.8463
9.32,61.8104,892.1254
9.34,61.9438,892.2319
9.36,62.0771,892.3679
9.38,62.2104,892.4953
9.4,62.3437,892.6486
9.42,62.477,892.6906
9.44,62.6103,892.863
9.46,62.7437,893.0045
9.48,62.8771,893.1779
9.5,63.0105,893.3376
9.52,63.1438,893.4591
9.54,63.2771,893.614
9.56,63.4103,893.7562
9.58,63.5437,894.0175
9.6,63.677,894.1342
9.62,63.8103,894.3022
9.64,63.9437,894.3812
9.66,64.0771,894.5555
9.68,64.2105,894.7272
9.7,64.3438,894.9089
9.72,64.477,895.033
9.74,64.6103,895.1494
9.76,64.7437,895.3627
9.78,64.8771,895.4262
9.8,65.0104,895.5812
9.82,65.1437,895.7056
9.84,65.277,895.9017
9.86,65.4104,895.9398
9.88,65.5437,896.1213
9.9,65.6769,896.257
9.92,65.8103,896.4288
9.94,65.9437,896.5351
9.96,66.077,896.6295
9.98,66.2103,896.817
10,66.3437,896.8715
10.02,66.4771,897.0964
10.04,66.6105,897.1721
10.06,66.7438,897.3289
10.08,66.877,897.4713
10.1,67.0103,897.6452
10.12,67.1437,897.7855
10.14,67.2771,897.936
10.16,67.4104,898.1506
10.18,67.5438,898.3427
10.2,67.6772,898.4945
10.22,67.8105,898.5346
10.24,67.9437,898.6844
10.26,68.0768,898.7849
10.28,68.2101,899.0793
10.3,68.3436,899.2708
10.32,68.4771,899.4452
10.34,68.6104,899.5297
10.36,68.7438,899.7356
10.38,68.8771,899.8895
10.4,69.0105,900.053
10.42,69.1437,900.1906
10.44,69.277,900.3074
10.46,69.4103,900.405
10.48,69.5437,900.5385
10.5,69.6771,900.7158
10.52,69.8104,900.8568
10.54,69.9437,901.0616
10.56,70.0771,901.1888
10.58,70.2104,901.3864
10.6,70.3437,901.5276
10.62,70.477,901.5815
10.64,70.6103,901.7344
10.66,70.7437,901.809
10.68,70.877,902.0125
10.7,71.0103,902.1266
10.72,71.1437,902.2956
10.74,71.277,902.3911
10.76,71.4104,902.6014
10.78,71.5437,902.7125
10.8,71.677,902.8632
10.82,71.8104,902.9722
10.84,71.9438,903.1425
10.86,72.0771,903.3738
10.88,72.2104,903.446
10.9,72.3437,903.6337
10.92,72.4771,903.7508
10.94,72.6104,903.878
10.96,72.7437,904.083
10.98,72.8771,904.2852
11,73.0104,904.437
11.02,73.1437,904.6061
11.04,73.277,904.7224
11.06,73.4103,904.8317
11.08,73.5437,904.97
11.1,73.6771,905.1098
11.12,73.8105,905.3602
11.14,73.9437,905.4512
11.16,74.077,905.7047
11.18,74.2103,905.8019
11.2,74.3437,905.9543
11.22,74.4771,906.061
11.24,74.6104,906.2575
11.26,74.7438,906.3329
11.28,74.8771,906.4307
11.3,75.0104,906.5462
11.32,75.1437,906.6844
11.34,75.2769,906.9078
11.36,75.4103,906.9905
11.38,75.5437,907.1586
11.4,75.6771,907.1874
11.42,75.8104,907.3711
11.44,75.9437,907.4817
11.46,76.0771,907.6737
11.48,76.2105,907.7753
11.5,76.3438,907.8978
11.52,76.4769,908.0375
11.54,76.6102,908.1584
11.56,76.7436,908.3495
11.58,76.877,908.4743
11.6,77.0104,908.6109
11.62,77.1438,908.692
11.64,77.2772,908.957
11.66,77.4105,909.0376
11.68,77.5437,909.2095
11.7,77.6769,909.3238
11.72,77.8102,909.4584
11.74,77.9436,909.6256
11.76,78.077,909.8241
11.78,78.2104,910.0184
11.8,78.3438,910.1046
11.82,78.4771,910.2962
11.84,78.6104,910.3644
11.86,78.7437,910.5184
11.88,78.877,910.6906
11.9,79.0104,910.9163
11.92,79.1438,910.993
11.94,79.2771,911.0828
11.96,79.4103,911.1604
11.98,79.5437,911.2852
12,79.677,911.5117
12.02,79.8103,911.6106
12.04,79.9437,911.728
12.06,80.0771,911.8241
12.08,80.2104,911.9879
12.1,80.3438,912.0237
12.12,80.477,912.2131
12.14,80.6103,912.3193
12.16,80.7437,912.4635
12.18,80.8771,912.5856
12.2,81.0104,912.7228
12.22,81.1437,912.8695
12.24,81.277,913.0146
12.26,81.4103,913.203
12.28,81.5437,913.2567
12.3,81.677,913.3817
12.32,81.8104,913.4889
12.34,81.9438,913.6588
12.36,82.0771,913.7616
12.38,82.2104,913.9395
12.4,82.3437,914.0441
12.42,82.477,914.2919
12.44,82.6104,914.4514
12.46,82.7437,914.489
12.48,82.8771,914.6702
12.5,83.0104,914.6977
12.52,83.1437,914.8571
12.54,83.2771,914.9608
12.56,83.4104,915.1633
12.58,83.5437,915.2953
12.6,83.677,915.4854
12.62,83.8103,915.6064
12.64,83.9437,915.7215
12.66,84.077,915.83
12.68,84.2103,915.9656
12.7,84.3438,916.0677
12.72,84.4772,916.0842
12.74,84.6105,916.2793
12.76,84.7438,916.3411
12.78,84.877,916.5449
12.8,85.0102,916.6763
12.82,85.1435,916.8489
12.84,85.2769,916.9504
12.86,85.4104,917.0438
12.88,85.5438,917.1808
12.9,85.6772,917.2951
12.92,85.8104,917.4677
12.94,85.9437,917.5688
12.96,86.0769,917.677
12.98,86.2103,917.7175
13,86.3437,917.8694
13.02,86.477,917.9316
13.04,86.6104,918.0966
13.06,86.7438,918.3267
13.08,86.8771,918.4447
13.1,87.0104,918.5065
13.12,87.1437,918.5349
13.14,87.2771,918.689
13.16,87.4104,918.8126
13.18,87.5437,919.0125
13.2,87.677,919.1033
13.22,87.8103,919.2897
13.24,87.9437,919.3079
13.26,88.0771,919.4465
13.28,88.2104,919.535
13.3,88.3437,919.7048
13.32,88.477,919.8485
13.34,88.6103,919.973
13.36,88.7437,920.1555
13.38,88.8771,920.2053
13.4,89.0104,920.4122
13.42,89.1438,920.4876
13.44,89.2771,920.5818
13.46,89.4103,920.5557
13.48,89.5436,920.7453
13.5,89.677,920.904
13.52,89.8104,921.0265
13.54,89.9437,921.0788
13.56,90.077,921.0948
13.58,90.2103,921.2689
13.6,90.3437,921.3773
13.62,90.4771,921.5121
13.64,90.6104,921.5731
13.66,90.7437,921.7893
13.68,90.877,921.8322
13.7,91.0104,921.9503
13.72,91.1437,921.9822
13.74,91.277,922.1697
13.76,91.4103,922.2598
13.78,91.5438,922.3046
13.8,91.6771,922.4828
13.82,91.8104,922.5717
13.84,91.9437,922.6944
13.86,92.077,922.8019
13.88,92.2103,922.9781
13.9,92.3437,923.031
13.92,92.4771,923.1383
13.94,92.6104,923.2094
13.96,92.7438,923.3203
13.98,92.8772,923.3911
14,93.0104,923.5353
14.02,93.1437,923.7291
14.04,93.2771,923.9072
14.06,93.4103,924.0565
14.08,93.5436,924.0638
14.1,93.6768,924.1929
14.12,93.8103,924.2525
14.14,93.9437,924.4593
14.16,94.0771,924.5488
14.18,94.2104,924.6376
14.2,94.3438,924.7334
14.22,94.4771,924.9576
14.24,94.6104,925.0179
14.26,94.7436,925.0514
14.28,94.8769,925.187
14.3,95.0103,925.2065
14.32,95.1438,925.4797
14.34,95.2772,925.4902
14.36,95.4104,925.6567
14.38,95.5437,925.752
14.4,95.677,925.8475
14.42,95.8104,925.8945
14.44,95.9437,925.992
14.46,96.0771,926.0815
14.48,96.2104,926.1771
14.5,96.3438,926.2857
14.52,96.477,926.3989
14.54,96.6103,926.5015
14.56,96.7436,926.5934
14.58,96.8771,926.7535
14.6,97.0105,926.821
14.62,97.1438,926.9417
14.64,97.2771,927.0197
14.66,97.4104,927.168
14.68,97.5438,927.2451
14.7,97.6771,927.2579
14.72,97.8103,927.4243
14.74,97.9437,927.5827
14.76,98.0771,927.7534
14.78,98.2104,927.7874
14.8,98.3437,927.9368
14.82,98.477,928.0027
14.84,98.6104,928.1373
14.86,98.7438,928.2067
14.88,98.8771,928.3186
14.9,99.0104,928.4636
14.92,99.1437,928.5547
14.94,99.277,928.7274
14.96,99.4104,928.7912
14.98,99.5437,928.8927
15,99.677,928.9285
15.02,99.8104,929.0886
15.04,99.9438,929.1759
15.06,100.0771,929.3387
15.08,100.2103,929.3454
15.1,100.3437,929.4246
15.12,100.4771,929.5163
15.14,100.6104,929.5809
15.16,100.7437,929.7786
15.18,100.877,929.7868
15.2,101.0104,929.9026
15.22,101.1438,930.0772
15.24,101.2771,930.2202
15.26,101.4104,930.2281
15.28,101.5438,930.317
15.3,101.6772,930.3833
15.32,101.8105,930.5405
15.34,101.9436,930.6343
15.36,102.0768,930.8319
15.38,102.2103,930.995
15.4,102.3438,930.9687
15.42,102.4772,931.0461
15.44,102.6104,931.1635
15.46,102.7437,931.3139
15.48,102.8771,931.3456
15.5,103.0104,931.4478
15.52,103.1436,931.5327
15.54,103.277,931.6369
15.56,103.4104,931.6923
15.58,103.5437,931.8776
15.6,103.677,932.0138
15.62,103.8103,932.1083
15.64,103.9436,932.2013
15.66,104.0771,932.2721
15.68,104.2104,932.4449
15.7,104.3438,932.4562
15.72,104.4771,932.6085
15.74,104.6104,932.637
15.76,104.7438,932.7184
15.78,104.8771,932.7222
15.8,105.0103,932.814
15.82,105.1437,932.9285
15.84,105.2771,933.023
15.86,105.4104,933.142
15.88,105.5437,933.1463
15.9,105.6771,933.2633
15.92,105.8105,933.266
15.94,105.9438,933.4041
15.96,106.0771,933.4711
15.98,106.2103,933.6283
16,106.3436,933.6623
16.02,106.477,933.7119
16.04,106.6104,933.806
16.06,106.7437,933.8179
16.08,106.8771,933.8799
16.1,107.0105,934.0016
16.12,107.1438,934.0915
16.14,107.2771,934.1426
16.16,107.4103,934.3237
16.18,107.5437,934.336
16.2,107.6771,934.4746
16.22,107.8104,934.4517
16.24,107.9437,934.511
16.26,108.077,934.6514
16.28,108.2103,934.7914
16.3,108.3437,934.9105
16.32,108.477,935.0043
16.34,108.6103,935.1606
16.36,108.7437,935.2252
16.38,108.877,935.3573
16.4,109.0103,935.356
16.42,109.1436,935.4617
16.44,109.277,935.5318
16.46,109.4105,935.6854
16.48,109.5438,935.7731
16.5,109.6771,935.8262
16.52,109.8103,935.9055
16.54,109.9437,935.9138
16.56,110.0771,936.0388
16.58,110.2105,936.1208
16.6,110.3437,936.262
16.62,110.4769,936.3253
16.64,110.6103,936.3958
16.66,110.7436,936.3734
16.68,110.877,936.4569
16.7,111.0104,936.5181
16.72,111.1438,936.652
16.74,111.2772,936.7552
16.76,111.4105,936.7861
16.78,111.5436,936.8605
16.8,111.6769,936.9019
16.82,111.8103,937.0287
16.84,111.9437,937.0647
16.86,112.0771,937.1224
16.88,112.2104,937.1828
16.9,112.3437,937.257
16.92,112.4771,937.2404
16.94,112.6104,937.2933
16.96,112.7437,937.2776
16.98,112.8771,937.406
17,113.0105,937.5804
17.02,113.1437,937.582
17.04,113.277,937.6664
17.06,113.4102,937.6678
17.08,113.5436,937.8073
17.1,113.677,937.8525
17.12,113.8104,937.9895
17.14,113.9437,938.0305
17.16,114.0771,938.1042
17.18,114.2105,938.1888
17.2,114.3438,938.2696
17.22,114.477,938.3448
17.24,114.6103,938.3737
17.26,114.7437,938.4976
17.28,114.8771,938.4886
17.3,115.0104,938.5958
17.32,115.1437,938.5733
17.34,115.277,938.6696
17.36,115.4104,938.6612
17.38,115.5437,938.8044
17.4,115.677,938.9169
17.42,115.8104,938.9698
17.44,115.9437,939.0558
17.46,116.0771,939.0711
17.48,116.2104,939.16
17.5,116.3437,939.1631
17.52,116.477,939.3054
17.54,116.6105,939.3942
17.56,116.7438,939.5379
17.58,116.8771,939.5937
17.6,117.0104,939.7037
17.62,117.1437,939.7594
17.64,117.2771,939.8177
17.66,117.4104,939.9046
17.68,117.5437,939.9904
17.7,117.6771,940.1269
17.72,117.8104,940.1461
17.74,117.9437,940.3281
17.76,118.077,940.3684
17.78,118.2103,940.5016
17.8,118.3437,940.6064
17.82,118.4771,940.751
17.84,118.6105,940.7932
17.86,118.7437,940.8757
17.88,118.8769,940.9926
17.9,119.0103,940.9572
17.92,119.1436,941.0253
17.94,119.277,941.0538
17.96,119.4104,941.171
17.98,119.5438,941.246
18,119.6771,941.3651
18.02,119.8104,941.4196
18.04,119.9436,941.5182
18.06,120.077,941.4744
18.08,120.2104,941.5237
18.1,120.3437,941.6315
18.12,120.477,941.7035
18.14,120.6104,941.7109
18.16,120.7437,941.7053
18.18,120.877,941.8524
18.2,121.0104,941.8456
18.22,121.1437,941.9731
18.24,121.2771,942.0019
18.26,121.4105,942.1251
18.28,121.5437,942.1868
18.3,121.677,942.258
18.32,121.8103,942.3052
18.34,121.9437,942.3704
18.36,122.0771,942.443
18.38,122.2104,942.4972
18.4,122.3437,942.6587
18.42,122.4771,942.6635
18.44,122.6105,942.7617
18.46,122.7437,942.7839
18.48,122.8771,942.9605
18.5,123.0104,943.0504
18.52,123.1437,943.2177
18.54,123.277,943.2964
18.56,123.4103,943.3035
18.58,123.5436,943.4009
18.6,123.6771,943.4898
18.62,123.8105,943.6497
18.64,123.9437,943.7411
18.66,124.077,943.84
18.68,124.2103,943.8743
18.7,124.3437,943.9672
18.72,124.4771,943.9846
18.74,124.6104,944.1921
18.76,124.7438,944.2453
18.78,124.8771,944.2894
18.8,125.0104,944.307
18.82,125.1436,944.3541
18.84,125.2769,944.4678
18.86,125.4103,944.4462
18.88,125.5437,944.5507
18.9,125.6771,944.6122
18.92,125.8104,944.8055
18.94,125.9437,944.8618
18.96,126.0771,945.0468
18.98,126.2104,945.033
19,126.3437,945.148
19.02,126.4771,945.2015
19.04,126.6104,945.3138
19.06,126.7438,945.4161
19.08,126.8771,945.4786
19.1,127.0104,945.6488
19.12,127.1438,945.6549
19.14,127.2772,945.7837
19.16,127.4103,945.8055
19.18,127.5435,945.9279
19.2,127.6769,946.0361
19.22,127.8104,946.1414
19.24,127.9437,946.2126
19.26,128.0771,946.2823
19.28,128.2104,946.3066
19.3,128.3438,946.4142
19.32,128.477,946.6096
19.34,128.6103,946.7105
19.36,128.7435,946.8729
19.38,128.8769,946.8667
19.4,129.0104,946.9818
19.42,129.1438,947.0156
19.44,129.2771,947.1955
19.46,129.4104,947.2229
19.48,129.5437,947.391
19.5,129.6771,947.5067
19.52,129.8104,947.5119
19.54,129.9437,947.5957
19.56,130.077,947.6772
19.58,130.2104,947.8148
19.6,130.3437,947.8965
19.62,130.477,948.0363
19.64,130.6103,948.077
19.66,130.7437,948.2114
19.68,130.8771,948.2249
19.7,131.0105,948.3532
19.72,131.1438,948.4153
19.74,131.277,948.508
19.76,131.4104,948.6564
19.78,131.5437,948.7963
19.8,131.677,948.9213
19.82,131.8104,948.9691
19.84,131.9438,949.0946
19.86,132.0771,949.1193
19.88,132.2104,949.2738
19.9,132.3436,949.3707
19.92,132.477,949.512
19.94,132.6104,949.6563
19.96,132.7438,949.7976
19.98,132.8771,949.9102
20,133.0104,950.0134
20.02,133.1437,950.0958
20.04,133.2771,950.1541
20.06,133.4104,950.3066
20.08,133.5436,950.347
20.1,133.6769,950.5534
20.12,133.8104,950.5759
20.14,133.9437,950.702
20.16,134.077,950.8014
20.18,134.2103,950.9571
20.2,134.3438,951.0881
20.22,134.4771,951.1469
20.24,134.6104,951.271
20.26,134.7437,951.3361
20.28,134.877,951.4518
20.3,135.0104,951.5488
20.32,135.1437,951.7313
20.34,135.2771,951.7662
20.36,135.4104,951.908
20.38,135.5438,951.955
20.4,135.6772,952.0939
20.42,135.8104,952.2139
20.44,135.9435,952.2506
20.46,136.0768,952.3661
20.48,136.2103,952.4311
20.5,136.3438,952.6685
20.52,136.4771,952.7573
20.54,136.6104,952.8546
20.56,136.7438,952.9095
20.58,136.8771,952.994
20.6,137.0103,953.0786
20.62,137.1436,953.2421
20.64,137.277,953.299
20.66,137.4104,953.4396
20.68,137.5437,953.556
20.7,137.677,953.6364
20.72,137.8103,953.8271
20.74,137.9437,953.9303
20.76,138.0771,954.1406
20.78,138.2104,954.2081
20.8,138.3437,954.3496
20.82,138.477,954.4111
20.84,138.6104,954.6187
20.86,138.7437,954.7518
20.88,138.877,954.8253
20.9,139.0104,954.8896
20.92,139.1438,955.0096
20.94,139.2771,955.1297
20.96,139.4104,955.2619
20.98,139.5437,955.4023
21,139.677,955.4913
21.02,139.8104,955.6516
21.04,139.9438,955.6708
21.06,140.077,955.8017
21.08,140.2103,955.9063
21.1,140.3437,955.9791
21.12,140.4771,956.0642
21.14,140.6104,956.1501
21.16,140.7437,956.345
21.18,140.877,956.392
21.2,141.0104,956.5598
21.22,141.1437,956.6718
21.24,141.277,956.8451
21.26,141.4104,956.8732
21.28,141.5438,957.1111
21.3,141.6771,957.1934
21.32,141.8104,957.2956
21.34,141.9436,957.3704
21.36,142.077,957.5215
21.38,142.2103,957.7273
21.4,142.3437,957.8093
21.42,142.4771,957.9458
21.44,142.6104,958.0778
21.46,142.7438,958.2063
21.48,142.8771,958.2455
21.5,143.0103,958.3549
21.52,143.1436,958.4801
21.54,143.277,958.595
21.56,143.4104,958.6529
21.58,143.5438,958.8699
21.6,143.677,958.9696
21.62,143.8104,959.0629
21.64,143.9438,959.1907
21.66,144.0771,959.2891
21.68,144.2104,959.4321
21.7,144.3436,959.4258
21.72,144.4769,959.5749
21.74,144.6103,959.706
21.76,144.7437,959.8654
21.78,144.877,959.8718
21.8,145.0104,959.9449
21.82,145.1438,960.0598
21.84,145.2772,960.1953
21.86,145.4103,960.2357
21.88,145.5435,960.291
21.9,145.6768,960.4624
21.92,145.8103,960.5795
21.94,145.9437,960.7662
21.96,146.0771,960.7432
21.98,146.2105,960.8878
22,146.3438,960.9931
22.02,146.4771,961.2025
22.04,146.6103,961.2685
22.06,146.7437,961.3837
22.08,146.8771,961.5938
22.1,147.0105,961.6811
22.12,147.1438,961.7751
22.14,147.277,961.8142
22.16,147.4103,961.9519
22.18,147.5437,962.115
22.2,147.6771,962.3315
22.22,147.8104,962.386
22.24,147.9437,962.5856
22.26,148.0771,962.6539
22.28,148.2104,962.8185
22.3,148.3437,962.8233
22.32,148.477,962.96
22.34,148.6104,963.138
22.36,148.7438,963.2091
22.38,148.8771,963.4241
22.4,149.0104,963.584
22.42,149.1437,963.7265
22.44,149.277,963.8115
22.46,149.4104,963.9387
22.48,149.5437,963.9893
22.5,149.677,964.2009
22.52,149.8104,964.2811
22.54,149.9438,964.4656
22.56,150.0771,964.55
22.58,150.2103,964.5921
22.6,150.3436,964.7101
22.62,150.477,964.8528
22.64,150.6104,965.0626
22.66,150.7437,965.105
22.68,150.877,965.3036
22.7,151.0104,965.4581
22.72,151.1438,965.5523
22.74,151.2771,965.6678
22.76,151.4104,965.7734
22.78,151.5437,965.8686
22.8,151.677,965.969
22.82,151.8104,966.0883
22.84,151.9437,966.1565
22.86,152.077,966.325
22.88,152.2104,966.4775
22.9,152.3439,966.6507
22.92,152.4772,966.7154
22.94,152.6105,966.9221
22.96,152.7437,966.9683
22.98,152.8769,967.1438
23,153.0102,967.2007
23.02,153.1436,967.3315
23.04,153.277,967.5926
23.06,153.4105,967.6694
23.08,153.5438,967.7726
23.1,153.6771,967.9304
23.12,153.8103,968.0729
23.14,153.9436,968.1511
23.16,154.077,968.3056
23.18,154.2103,968.3561
23.2,154.3437,968.5496
23.22,154.4771,968.697
23.24,154.6104,968.9205
23.26,154.7438,969.0381
23.28,154.8771,969.2281
23.3,155.0104,969.3393
23.32,155.1437,969.3661
23.34,155.2771,969.4961
23.36,155.4104,969.6215
23.38,155.5437,969.8262
23.4,155.677,969.8773
23.42,155.8104,970.0223
23.44,155.9438,970.1445
23.46,156.077,970.3429
23.48,156.2103,970.4849
23.5,156.3437,970.6568
23.52,156.477,970.7313
23.54,156.6104,970.8432
23.56,156.7438,971.0198
23.58,156.8771,971.0855
23.6,157.0105,971.2679
23.62,157.1438,971.3531
23.64,157.277,971.5109
23.66,157.4103,971.6566
23.68,157.5437,971.7787
23.7,157.6771,971.874
23.72,157.8104,972.0714
23.74,157.9437,972.2442
23.76,158.077,972.3551
23.78,158.2104,972.4897
23.8,158.3437,972.5886
23.82,158.477,972.8485
23.84,158.6104,972.972
23.86,158.7437,973.1338
23.88,158.877,973.2507
23.9,159.0103,973.4272
23.92,159.1436,973.5677
23.94,159.277,973.7466
23.96,159.4104,973.8967
23.98,159.5438,974.0143
24,159.6771,974.163
24.02,159.8103,974.2908
24.04,159.9436,974.5095
24.06,160.077,974.5845
24.08,160.2103,974.8069
24.1,160.3437,974.9336
24.12,160.4771,975.1363
24.14,160.6104,975.2214
24.16,160.7437,975.4278
24.18,160.877,975.5582
24.2,161.0104,975.7613
24.22,161.1438,975.9717
24.24,161.277,976.0623
24.26,161.4102,976.1931
24.28,161.5435,976.2985
24.3,161.677,976.5239
24.32,161.8104,976.6208
24.34,161.9439,976.8186
24.36,162.0772,976.9457
24.38,162.2104,977.1611
24.4,162.3437,977.3303
24.42,162.477,977.4929
24.44,162.6102,977.6757
24.46,162.7436,977.8456
24.48,162.877,978.076
24.5,163.0105,978.1674
24.52,163.1438,978.3539
24.54,163.277,978.5389
24.56,163.4103,978.8173
24.58,163.5437,978.9458
24.6,163.677,979.1667
24.62,163.8104,979.3085
24.64,163.9437,979.4721
24.66,164.0771,979.5862
24.68,164.2104,979.836
24.7,164.3438,980.0459
24.72,164.477,980.178
24.74,164.6103,980.4119
24.76,164.7437,980.5279
24.78,164.8771,980.7844
24.8,165.0104,980.8787
24.82,165.1437,981.1099
24.84,165.2771,981.231
24.86,165.4104,981.3813
24.88,165.5437,981.5514
24.9,165.677,981.6851
24.92,165.8103,981.8662
24.94,165.9437,982.0864
24.96,166.077,982.3128
24.98,166.2103,982.462
25,166.3436,982.6767
25.02,166.477,982.7464
25.04,166.6105,983.0474
25.06,166.7438,983.1854
25.08,166.8771,983.3838
25.1,167.0104,983.6092
25.12,167.1437,983.8397
25.14,167.2771,984.0488
25.16,167.4103,984.2
25.18,167.5437,984.4785
25.2,167.6771,984.6509
25.22,167.8104,984.82
25.24,167.9437,985.0103
25.26,168.077,985.2599
25.28,168.2103,985.4258
25.3,168.3437,985.6682
25.32,168.4771,985.8326
25.34,168.6103,986.0121
25.36,168.7437,986.2436
25.38,168.877,986.42
25.4,169.0104,986.6386
25.42,169.1438,986.769
25.44,169.2771,987.031
25.46,169.4104,987.1695
25.48,169.5438,987.3867
25.5,169.6771,987.5508
25.52,169.8102,987.7253
25.54,169.9435,987.8833
25.56,170.077,988.1598
25.58,170.2104,988.299
25.6,170.3438,988.503
25.62,170.4771,988.7795
25.64,170.6104,988.9305
25.66,170.7437,989.2238
25.68,170.877,989.3334
25.7,171.0103,989.5666
25.72,171.1436,989.7078
25.74,171.277,989.9299
25.76,171.4105,990.1705
25.78,171.5437,990.3882
25.8,171.677,990.6115
25.82,171.8103,990.8871
25.84,171.9438,991.1272
25.86,172.0772,991.3669
25.88,172.2104,991.5634
25.9,172.3438,991.6873
25.92,172.4771,991.9296
25.94,172.6104,992.1323
25.96,172.7437,992.4588
25.98,172.877,992.6463
26,173.0103,992.9529
26.02,173.1437,993.1001
26.04,173.277,993.2347
26.06,173.4103,993.4606
26.08,173.5437,993.6871
26.1,173.6771,993.9756
26.12,173.8105,994.1566
26.14,173.9437,994.4442
26.16,174.077,994.6511
26.18,174.2103,994.8599
26.2,174.3437,995.0505
26.22,174.4771,995.36
26.24,174.6104,995.51
26.26,174.7437,995.7507
26.28,174.8771,995.9171
26.3,175.0104,996.0795
26.32,175.1436,996.2753
26.34,175.277,996.4882
26.36,175.4103,996.7699
26.38,175.5438,996.9547
26.4,175.6771,997.2119
26.42,175.8103,997.3755
26.44,175.9436,997.6675
26.46,176.077,997.8686
26.48,176.2104,998.1634
26.5,176.3437,998.4011
26.52,176.4771,998.6071
26.54,176.6104,998.8136
26.56,176.7438,998.9792
26.58,176.8771,999.2761
26.6,177.0103,999.5313
26.62,177.1437,999.8151
26.64,177.2771,999.9948
26.66,177.4104,1000.3403
26.68,177.5437,1000.5109
26.7,177.677,1000.794
26.72,177.8104,1001.0194
26.74,177.9438,1001.2307
26.76,178.0772,1001.4702
26.78,178.2104,1001.6874
26.8,178.3436,1001.982
26.82,178.4769,1002.2058
26.84,178.6103,1002.4969
26.86,178.7437,1002.7115
26.88,178.877,1003.0573
26.9,179.0104,1003.2948
26.92,179.1438,1003.5782
26.94,179.2771,1003.7426
26.96,179.4103,1003.9871
26.98,179.5436,1004.2333
27,179.677,1004.5211
27.02,179.8103,1004.8358
27.04,179.9437,1005.0148
27.06,180.0771,1005.3698
27.08,180.2104,1005.563
27.1,180.3437,1005.8598
27.12,180.477,1006.0925
27.14,180.6103,1006.3671
27.16,180.7437,1006.6215
27.18,180.8772,1007.0239
27.2,181.0105,1007.2338
27.22,181.1437,1007.5056
27.24,181.2769,1007.7211
27.26,181.4103,1007.9804
27.28,181.5437,1008.2687
27.3,181.6771,1008.508
27.32,181.8104,1008.8123
27.34,181.9438,1008.9975
27.36,182.0772,1009.3297
27.38,182.2104,1009.5579
27.4,182.3437,1009.881
27.42,182.477,1010.1313
27.44,182.6104,1010.3965
27.46,182.7437,1010.6984
27.48,182.8771,1010.9676
27.5,183.0104,1011.2607
27.52,183.1437,1011.5372
27.54,183.2771,1011.8585
27.56,183.4104,1012.0462
27.58,183.5437,1012.2878
27.6,183.677,1012.588
27.62,183.8104,1012.9764
27.64,183.9438,1013.2313
27.66,184.0771,1013.5527
27.68,184.2103,1013.836
27.7,184.3437,1014.1138
27.72,184.4771,1014.322
27.74,184.6104,1014.4746
27.76,184.7436,1014.8589
27.78,184.877,1015.1412
27.8,185.0103,1015.4658
27.82,185.1437,1015.6771
27.84,185.2771,1015.9865
27.86,185.4104,1016.2231
27.88,185.5437,1016.4752
27.9,185.6771,1016.7622
27.92,185.8104,1017.0305
27.94,185.9436,1017.3533
27.96,186.077,1017.6281
27.98,186.2104,1018.0029
28,186.3438,1018.1959
28.02,186.4772,1018.5146
28.04,186.6104,1018.7656
28.06,186.7437,1019.1721
28.08,186.8769,1019.4338
28.1,187.0103,1019.6762
28.12,187.1437,1019.9337
28.14,187.2771,1020.1811
28.16,187.4105,1020.505
28.18,187.5438,1020.7571
28.2,187.6771,1021.1046
28.22,187.8103,1021.3365
28.24,187.9436,1021.6493
28.26,188.077,1021.8995
28.28,188.2104,1022.1977
28.3,188.3436,1022.5032
28.32,188.477,1022.8205
28.34,188.6104,1023.1517
28.36,188.7437,1023.4641
28.38,188.877,1023.8065
28.4,189.0104,1024.0179
28.42,189.1438,1024.2878
28.44,189.2771,1024.4169
28.46,189.4103,1024.7861
28.48,189.5436,1024.9985
28.5,189.677,1025.2886
28.52,189.8103,1025.6133
28.54,189.9437,1025.9302
28.56,190.077,1026.2194
28.58,190.2103,1026.4084
28.6,190.3437,1026.7184
28.62,190.4771,1026.9551
28.64,190.6104,1027.2871
28.66,190.7437,1027.5243
28.68,190.877,1027.8446
28.7,191.0104,1028.1003
28.72,191.1437,1028.4629
28.74,191.277,1028.7189
28.76,191.4104,1028.9875
28.78,191.5438,1029.3392
28.8,191.6771,1029.5703
28.82,191.8104,1029.8717
28.84,191.9437,1030.1316
28.86,192.077,1030.4387
28.88,192.2104,1030.7413
28.9,192.3437,1031.0618
28.92,192.4771,1031.3003
28.94,192.6104,1031.6361
28.96,192.7438,1031.9432
28.98,192.8771,1032.1682
29,193.0103,1032.3809
29.02,193.1436,1032.723
29.04,193.277,1033.0481
29.06,193.4104,1033.3192
29.08,193.5437,1033.6969
29.1,193.677,1033.8685
29.12,193.8104,1034.2366
29.14,193.9437,1034.5365
29.16,194.077,1034.8771
29.18,194.2103,1035.1432
29.2,194.3437,1035.4381
29.22,194.4771,1035.7263
29.24,194.6104,1035.9949
29.26,194.7437,1036.2762
29.28,194.8771,1036.568
29.3,195.0105,1036.951
29.32,195.1438,1037.2175
29.34,195.277,1037.5325
29.36,195.4102,1037.7432
29.38,195.5435,1038.1444
29.4,195.677,1038.2975
29.42,195.8104,1038.5834
29.44,195.9438,1038.9114
29.46,196.0771,1039.2289
29.48,196.2105,1039.5103
29.5,196.3437,1039.7021
29.52,196.4769,1039.9941
29.54,196.6102,1040.2544
29.56,196.7436,1040.6666
29.58,196.8771,1040.9116
29.6,197.0105,1041.2128
29.62,197.1438,1041.4863
29.64,197.2771,1041.8192
29.66,197.4104,1042.1039
29.68,197.5438,1042.4104
29.7,197.6772,1042.7443
29.72,197.8104,1042.9878
29.74,197.9437,1043.2983
29.76,198.077,1043.5385
29.78,198.2103,1043.9067
29.8,198.3436,1044.1611
29.82,198.4769,1044.4528
29.84,198.6104,1044.7423
29.86,198.7438,1045.1095
29.88,198.8771,1045.3732
29.9,199.0104,1045.646
29.92,199.1437,1045.9086
29.94,199.277,1046.1736
29.96,199.4104,1046.4803
29.98,199.5437,1046.7722
30,199.677,1047.1808
30.02,199.8104,1047.4498
30.04,199.9438,1047.8292
30.06,200.0771,1048.0352
30.08,200.2103,1048.3431
30.1,200.3436,1048.5533
30.12,200.477,1048.8052
30.14,200.6104,1049.1345
30.16,200.7437,1049.4335
30.18,200.877,1049.7312
30.2,201.0104,1050.01
30.22,201.1437,1050.2739
30.24,201.277,1050.5216
30.26,201.4103,1050.8733
30.28,201.5437,1051.1064
30.3,201.6771,1051.4368
30.32,201.8104,1051.6831
30.34,201.9437,1052.0649
30.36,202.0771,1052.3447
30.38,202.2104,1052.5767
30.4,202.3438,1052.8588
30.42,202.4771,1053.1139
30.44,202.6104,1053.4709
30.46,202.7437,1053.7361
30.48,202.877,1054.0094
30.5,203.0104,1054.2742
30.52,203.1437,1054.6327
30.54,203.2771,1054.9094
30.56,203.4105,1055.2516
30.58,203.5438,1055.4763
30.6,203.6769,1055.7891
30.62,203.8101,1056.0724
30.64,203.9435,1056.326
30.66,204.077,1056.625
30.68,204.2104,1056.8467
30.7,204.3438,1057.1702
30.72,204.4771,1057.387
30.74,204.6105,1057.6632
30.76,204.7438,1057.9296
30.78,204.877,1058.2686
30.8,205.0102,1058.4858
30.82,205.1436,1058.7471
30.84,205.2771,1059.0227
30.86,205.4104,1059.2679
30.88,205.5437,1059.5763
30.9,205.677,1059.876
30.92,205.8104,1060.2142
30.94,205.9438,1060.4181
30.96,206.0771,1060.7125
30.98,206.2104,1060.9341
31,206.3437,1061.2429
31.02,206.477,1061.4517
31.04,206.6104,1061.6926
31.06,206.7437,1061.9453
31.08,206.877,1062.2256
31.1,207.0105,1062.4883
31.12,207.1438,1062.7946
31.14,207.2771,1063.0696
31.16,207.4104,1063.278
31.18,207.5437,1063.479
31.2,207.6772,1063.7738
31.22,207.8105,1064.2014
31.24,207.9437,1064.4171
31.26,208.077,1064.7091
31.28,208.2104,1064.9421
31.3,208.3437,1065.2498
31.32,208.477,1065.4641
31.34,208.6104,1065.7505
31.36,208.7437,1065.9866
31.38,208.877,1066.2278
31.4,209.0103,1066.4911
31.42,209.1436,1066.7242
31.44,209.277,1067.0353
31.46,209.4105,1067.2833
31.48,209.5438,1067.557
31.5,209.677,1067.7706
31.52,209.8103,1068.1276
31.54,209.9436,1068.3483
31.56,210.077,1068.6226
31.58,210.2104,1068.8723
31.6,210.3437,1069.1721
31.62,210.4771,1069.3921
31.64,210.6104,1069.5853
31.66,210.7437,1069.9109
31.68,210.877,1070.0889
31.7,211.0103,1070.4215
31.72,211.1437,1070.6796
31.74,211.2771,1071.0405
31.76,211.4105,1071.2145
31.78,211.5437,1071.4595
31.8,211.677,1071.6827
31.82,211.8105,1072.0267
31.84,211.9439,1072.277
31.86,212.0771,1072.4764
31.88,212.2103,1072.7172
31.9,212.3435,1072.9723
31.92,212.477,1073.3151
31.94,212.6104,1073.5629
31.96,212.7437,1073.8643
31.98,212.8771,1074.1049
32,213.0105,1074.442
32.02,213.1438,1074.6177
32.04,213.277,1074.8787
32.06,213.4102,1075.1354
32.08,213.5435,1075.4581
32.1,213.6769,1075.7751
32.12,213.8104,1076.0497
32.14,213.9437,1076.2537
32.16,214.0771,1076.4742
32.18,214.2105,1076.7926
32.2,214.3438,1076.9492
32.22,214.477,1077.2218
32.24,214.6103,1077.407
32.26,214.7437,1077.7814
32.28,214.8771,1077.9288
32.3,215.0104,1078.2781
32.32,215.1436,1078.5309
32.34,215.277,1078.7383
32.36,215.4104,1078.9683
32.38,215.5437,1079.2374
32.4,215.677,1079.5021
32.42,215.8104,1079.6266
32.44,215.9438,1079.9149
32.46,216.0771,1080.1626
32.48,216.2104,1080.496
32.5,216.3437,1080.67
32.52,216.477,1081.0051
32.54,216.6105,1081.1902
32.56,216.7438,1081.4445
32.58,216.8771,1081.7131
32.6,217.0104,1081.8997
32.62,217.1437,1082.1014
32.64,217.2771,1082.3339
32.66,217.4104,1082.6835
32.68,217.5437,1082.965
32.7,217.6771,1083.3339
32.72,217.8105,1083.5061
32.74,217.9437,1083.8173
32.76,218.077,1084.0186
32.78,218.2103,1084.3147
32.8,218.3437,1084.5186
32.82,218.477,1084.8168
32.84,218.6104,1085.1509
32.86,218.7436,1085.3696
32.88,218.877,1085.6239
32.9,219.0104,1085.8003
32.92,219.1438,1086.1012
32.94,219.277,1086.3022
32.96,219.4104,1086.5646
32.98,219.5437,1086.749
33,219.677,1087.0464
33.02,219.8103,1087.313
33.04,219.9437,1087.6525
33.06,220.0771,1087.8792
33.08,220.2105,1088.0303
33.1,220.3438,1088.2815
33.12,220.4771,1088.4897
33.14,220.6103,1088.757
33.16,220.7435,1089.0258
33.18,220.8768,1089.3314
33.2,221.0103,1089.5099
33.22,221.1437,1089.812
33.24,221.2771,1090.0336
33.26,221.4106,1090.3621
33.28,221.5438,1090.61
33.3,221.677,1090.8165
33.32,221.8103,1091.0181
33.34,221.9437,1091.3544
33.36,222.077,1091.6381
33.38,222.2104,1091.8347
33.4,222.3437,1092.1412
33.42,222.4771,1092.3983
33.44,222.6104,1092.7194
33.46,222.7437,1092.9341
33.48,222.8771,1093.2052
33.5,223.0104,1093.4547
33.52,223.1438,1093.7612
33.54,223.2771,1093.9484
33.56,223.4103,1094.1771
33.58,223.5436,1094.4619
33.6,223.677,1094.728
33.62,223.8104,1095.0601
33.64,223.9437,1095.3141
33.66,224.077,1095.5881
33.68,224.2104,1095.7753
33.7,224.3437,1096.088
33.72,224.4771,1096.2618
33.74,224.6104,1096.5002
33.76,224.7438,1096.7471
33.78,224.8771,1097.0431
33.8,225.0104,1097.2261
33.82,225.1436,1097.5216
33.84,225.2769,1097.7913
33.86,225.4104,1098.0007
33.88,225.5437,1098.2539
33.9,225.677,1098.4893
33.92,225.8103,1098.7959
33.94,225.9436,1098.9811
33.96,226.077,1099.2897
33.98,226.2104,1099.5212
34,226.3438,1099.8168
34.02,226.4771,1100.033
34.04,226.6104,1100.326
34.06,226.7437,1100.6023
34.08,226.877,1100.7996
34.1,227.0103,1101.0002
34.12,227.1437,1101.1997
34.14,227.2771,1101.5219
34.16,227.4105,1101.8054
34.18,227.5437,1102.1173
34.2,227.677,1102.2407
34.22,227.8104,1102.5747
34.24,227.9437,1102.8237
34.26,228.077,1103.1079
34.28,228.2104,1103.3363
34.3,228.3437,1103.5723
34.32,228.4771,1103.8474
34.34,228.6104,1104.0765
34.36,228.7437,1104.2955
34.38,228.8771,1104.5603
34.4,229.0105,1104.8595
34.42,229.1437,1105.0858
34.44,229.2769,1105.3672
34.46,229.4102,1105.5459
34.48,229.5437,1105.7974
34.5,229.677,1105.92
34.52,229.8104,1106.2433
34.54,229.9438,1106.4561
34.56,230.0771,1106.7393
34.58,230.2104,1106.9062
34.6,230.3437,1107.0782
34.62,230.4769,1107.4113
34.64,230.6102,1107.6042
34.66,230.7437,1107.8838
34.68,230.8772,1108.0536
34.7,231.0105,1108.2986
34.72,231.1437,1108.4971
34.74,231.277,1108.7766
34.76,231.4104,1109.0286
34.78,231.5437,1109.3099
34.8,231.6771,1109.4775
34.82,231.8104,1109.7634
34.84,231.9438,1110.0481
34.86,232.0771,1110.2384
34.88,232.2103,1110.501
34.9,232.3436,1110.6517
34.92,232.477,1111.0132
34.94,232.6104,1111.2745
34.96,232.7438,1111.5099
34.98,232.8771,1111.6948
35,233.0104,1111.9728
35.02,233.1438,1112.2126
35.04,233.2771,1112.5229
35.06,233.4104,1112.7537
35.08,233.5437,1113.0292
35.1,233.677,1113.2946
35.12,233.8104,1113.5621
35.14,233.9437,1113.881
35.16,234.077,1113.9862
35.18,234.2103,1114.2501
35.2,234.3438,1114.4557
35.22,234.4771,1114.719
35.24,234.6104,1114.9177
35.26,234.7437,1115.0975
35.28,234.877,1115.3745
35.3,235.0104,1115.6881
35.32,235.1437,1115.9014
35.34,235.2769,1116.0399
35.36,235.4103,1116.3037
35.38,235.5437,1116.4717
35.4,235.6771,1116.7534
35.42,235.8104,1116.9636
35.44,235.9437,1117.2365
35.46,236.077,1117.37
35.48,236.2104,1117.6725
35.5,236.3438,1117.9248
35.52,236.4771,1118.146
35.54,236.6104,1118.3794
35.56,236.7437,1118.6267
35.58,236.8771,1118.8544
35.6,237.0104,1119.1094
35.62,237.1438,1119.3811
35.64,237.2771,1119.6255
35.66,237.4105,1119.9349
35.68,237.5438,1120.0793
35.7,237.6769,1120.3527
35.72,237.8102,1120.5175
35.74,237.9436,1120.7645
35.76,238.0771,1121.01
35.78,238.2105,1121.2596
35.8,238.3438,1121.4943
35.82,238.4771,1121.7157
35.84,238.6104,1122.0414
35.86,238.7437,1122.2379
35.88,238.8769,1122.5016
35.9,239.0103,1122.7281
35.92,239.1438,1122.9796
35.94,239.2771,1123.0344
35.96,239.4104,1123.3635
35.98,239.5437,1123.5854
36,239.677,1123.7878
36.02,239.8104,1124.0421
36.04,239.9438,1124.2598
36.06,240.077,1124.442
36.08,240.2104,1124.6256
36.1,240.3437,1124.9044
36.12,240.477,1125.045
36.14,240.6103,1125.3678
36.16,240.7436,1125.595
36.18,240.877,1125.8276
36.2,241.0104,1125.9338
36.22,241.1437,1126.2306
36.24,241.277,1126.4415
36.26,241.4104,1126.6458
36.28,241.5439,1126.8995
36.3,241.6771,1127.071
36.32,241.8104,1127.3444
36.34,241.9437,1127.5264
36.36,242.077,1127.7996
36.38,242.2104,1127.9402
36.4,242.3438,1128.2499
36.42,242.4771,1128.4496
36.44,242.6104,1128.627
36.46,242.7438,1128.8756
36.48,242.8771,1129.178
36.5,243.0103,1129.3931
36.52,243.1436,1129.577
36.54,243.277,1129.7878
36.56,243.4104,1130.0349
36.58,243.5438,1130.3794
36.6,243.677,1130.5322
36.62,243.8103,1130.7953
36.64,243.9437,1130.9508
36.66,244.077,1131.2004
36.68,244.2104,1131.3583
36.7,244.3437,1131.5551
36.72,244.4771,1131.7935
36.74,244.6104,1131.9908
36.76,244.7437,1132.2111
36.78,244.877,1132.3762
36.8,245.0103,1132.5798
36.82,245.1438,1132.7407
36.84,245.2771,1132.9994
36.86,245.4104,1133.1652
36.88,245.5436,1133.4279
36.9,245.677,1133.5901
36.92,245.8104,1133.7664
36.94,245.9438,1133.9678
36.96,246.077,1134.163
36.98,246.2103,1134.4354
37,246.3436,1134.5563
37.02,246.4769,1134.8256
37.04,246.6103,1134.9884
37.06,246.7437,1135.222
37.08,246.8771,1135.4651
37.1,247.0105,1135.7
37.12,247.1438,1135.8295
37.14,247.277,1136.0928
37.16,247.4103,1136.2605
37.18,247.5437,1136.5155
37.2,247.6771,1136.7411
37.22,247.8104,1136.8818
37.24,247.9438,1137.0999
37.26,248.0771,1137.2776
37.28,248.2104,1137.5565
37.3,248.3437,1137.6956
37.32,248.477,1137.9761
37.34,248.6104,1138.1589
37.36,248.7438,1138.3585
37.38,248.8771,1138.6088
37.4,249.0103,1138.8427
37.42,249.1436,1139.0238
37.44,249.277,1139.2292
37.46,249.4103,1139.4509
37.48,249.5437,1139.5889
37.5,249.6771,1139.8284
37.52,249.8104,1139.9697
37.54,249.9438,1140.2191
37.56,250.0771,1140.3159
37.58,250.2103,1140.536
37.6,250.3436,1140.7301
37.62,250.477,1140.913
37.64,250.6104,1141.0415
37.66,250.7437,1141.2277
37.68,250.877,1141.536
37.7,251.0104,1141.6733
37.72,251.1437,1141.8512
37.74,251.277,1142.0151
37.76,251.4103,1142.2103
37.78,251.5437,1142.4088
37.8,251.6771,1142.7493
37.82,251.8104,1142.8213
37.84,251.9437,1142.9636
37.86,252.077,1143.11
37.88,252.2104,1143.2661
37.9,252.3438,1143.5162
37.92,252.4771,1143.6764
37.94,252.6104,1143.9
37.96,252.7437,1144.1084
37.98,252.877,1144.3236
38,253.0104,1144.5215
38.02,253.1438,1144.8073
38.04,253.2771,1144.9209
38.06,253.4104,1145.1868
38.08,253.5438,1145.399
38.1,253.677,1145.6562
38.12,253.8103,1145.731
38.14,253.9437,1145.9198
38.16,254.0771,1146.1926
38.18,254.2105,1146.3544
38.2,254.3438,1146.5551
38.22,254.4771,1146.6552
38.24,254.6103,1146.837
38.26,254.7436,1147.0554
38.28,254.8769,1147.3723
38.3,255.0103,1147.462
38.32,255.1437,1147.6342
38.34,255.2771,1147.7649
38.36,255.4105,1147.8967
38.38,255.5437,1148.1161
38.4,255.677,1148.3384
38.42,255.8103,1148.5631
38.44,255.9436,1148.642
38.46,256.077,1148.8982
38.48,256.2103,1148.9894
38.5,256.3437,1149.2283
38.52,256.4771,1149.3668
38.54,256.6104,1149.5646
38.56,256.7437,1149.7107
38.58,256.8771,1149.8644
38.6,257.0105,1150.0331
38.62,257.1439,1150.2798
38.64,257.2771,1150.5005
38.66,257.4103,1150.6156
38.68,257.5436,1150.8407
38.7,257.6771,1150.9642
38.72,257.8104,1151.2222
38.74,257.9437,1151.3851
38.76,258.0771,1151.6061
38.78,258.2104,1151.7643
38.8,258.3438,1151.9688
38.82,258.4771,1152.1482
38.84,258.6104,1152.3092
38.86,258.7437,1152.5112
38.88,258.8771,1152.6727
38.9,259.0103,1152.8949
38.92,259.1437,1153.0105
38.94,259.277,1153.222
38.96,259.4105,1153.3085
38.98,259.5438,1153.5366
39,259.6771,1153.707
39.02,259.8103,1153.9237
39.04,259.9436,1154.0629
39.06,260.077,1154.162
39.08,260.2104,1154.3337
39.1,260.3437,1154.4847
39.12,260.4771,1154.6863
39.14,260.6104,1154.8307
39.16,260.7437,1155.0214
39.18,260.8769,1155.1174
39.2,261.0103,1155.3717
39.22,261.1437,1155.5166
39.24,261.2771,1155.7231
39.26,261.4104,1155.9001
39.28,261.5438,1156.0469
39.3,261.6771,1156.2396
39.32,261.8104,1156.3953
39.34,261.9438,1156.5753
39.36,262.0771,1156.6685
39.38,262.2104,1156.91
39.4,262.3438,1157.0497
39.42,262.4771,1157.2429
39.44,262.6104,1157.3809
39.46,262.7437,1157.5334
39.48,262.8772,1157.7247
39.5,263.0105,1157.9611
39.52,263.1436,1158.1055
39.54,263.2769,1158.2717
39.56,263.4102,1158.5321
39.58,263.5437,1158.6937
39.6,263.6771,1158.9327
39.62,263.8104,1159.0382
39.64,263.9438,1159.2399
39.66,264.0771,1159.3872
39.68,264.2104,1159.5547
39.7,264.3437,1159.6912
39.72,264.4769,1159.8176
39.74,264.6103,1159.9309
39.76,264.7437,1160.119
39.78,264.8771,1160.2842
39.8,265.0104,1160.3782
39.82,265.1437,1160.5806
39.84,265.2771,1160.7032
39.86,265.4104,1160.9054
39.88,265.5437,1160.9978
39.9,265.677,1161.0986
39.92,265.8104,1161.2545
39.94,265.9437,1161.4331
39.96,266.077,1161.568
39.98,266.2103,1161.7614
40,266.3437,1161.9535
40.02,266.4771,1162.0569
40.04,266.6105,1162.2441
40.06,266.7438,1162.3802
40.08,266.8771,1162.5822
40.1,267.0104,1162.6689
40.12,267.1437,1162.8685
40.14,267.2771,1162.99
40.16,267.4104,1163.1954
40.18,267.5437,1163.3723
40.2,267.6771,1163.502
40.22,267.8104,1163.6438
40.24,267.9437,1163.7853
40.26,268.077,1164.0566
40.28,268.2103,1164.2166
40.3,268.3437,1164.407
40.32,268.4771,1164.5243
40.34,268.6104,1164.7351
40.36,268.7437,1164.78
40.38,268.877,1164.9515
40.4,269.0104,1165.0525
40.42,269.1437,1165.2522
40.44,269.277,1165.432
40.46,269.4103,1165.5765
40.48,269.5437,1165.7074
40.5,269.677,1165.8114
40.52,269.8103,1166.0266
40.54,269.9437,1166.1289
40.56,270.0771,1166.3173
40.58,270.2104,1166.386
40.6,270.3437,1166.5811
40.62,270.477,1166.6718
40.64,270.6103,1166.8715
40.66,270.7437,1166.989
40.68,270.8771,1167.0979
40.7,271.0104,1167.2308
40.72,271.1438,1167.37
40.74,271.2772,1167.5737
40.76,271.4105,1167.6995
40.78,271.5437,1167.9043
40.8,271.6768,1167.9451
40.82,271.8102,1168.1058
40.84,271.9437,1168.2241
40.86,272.0772,1168.3951
40.88,272.2104,1168.5593
40.9,272.3438,1168.6975
40.92,272.4771,1168.8688
40.94,272.6104,1169.005
40.96,272.7436,1169.1783
40.98,272.8769,1169.2844
41,273.0103,1169.4501
41.02,273.1437,1169.4955
41.04,273.2771,1169.7191
41.06,273.4103,1169.813
41.08,273.5437,1169.9955
41.1,273.6771,1170.1934
41.12,273.8105,1170.3149
41.14,273.9438,1170.4365
41.16,274.0771,1170.5123
41.18,274.2104,1170.6968
41.2,274.3437,1170.8284
41.22,274.4771,1170.9966
41.24,274.6104,1171.141
41.26,274.7437,1171.2966
41.28,274.8771,1171.3945
41.3,275.0104,1171.5336
41.32,275.1436,1171.6704
41.34,275.277,1171.84
41.36,275.4104,1171.9891
41.38,275.5438,1172.1458
41.4,275.6771,1172.2753
41.42,275.8103,1172.3571
41.44,275.9436,1172.5258
41.46,276.0771,1172.6215
41.48,276.2104,1172.7916
41.5,276.3437,1172.8572
41.52,276.4771,1173.0796
41.54,276.6104,1173.1802
41.56,276.7437,1173.2843
41.58,276.877,1173.4164
41.6,277.0103,1173.5571
41.62,277.1437,1173.6875
41.64,277.2772,1173.8079
41.66,277.4105,1173.9779
41.68,277.5437,1174.0763
41.7,277.677,1174.3381
41.72,277.8103,1174.4585
41.74,277.9437,1174.6874
41.76,278.077,1174.769
41.78,278.2104,1174.9274
41.8,278.3438,1175.049
41.82,278.4771,1175.1637
41.84,278.6104,1175.26
41.86,278.7436,1175.4261
41.88,278.877,1175.6051
41.9,279.0103,1175.7031
41.92,279.1438,1175.9349
41.94,279.2772,1176.0591
41.96,279.4104,1176.1831
41.98,279.5437,1176.271
42,279.6771,1176.4716
42.02,279.8105,1176.5723
42.04,279.9437,1176.7252
42.06,280.0769,1176.9285
42.08,280.2103,1176.9873
42.1,280.3436,1177.0856
42.12,280.477,1177.1608
42.14,280.6104,1177.3345
42.16,280.7437,1177.4038
42.18,280.8772,1177.6387
42.2,281.0105,1177.7499
42.22,281.1437,1177.874
42.24,281.2769,1177.9807
42.26,281.4102,1178.1552
42.28,281.5437,1178.1898
42.3,281.6771,1178.3046
42.32,281.8105,1178.4575
42.34,281.9438,1178.5681
42.36,282.0771,1178.7474
42.38,282.2104,1178.8015
42.4,282.3437,1179.0403
42.42,282.4771,1179.1472
42.44,282.6104,1179.3091
42.46,282.7438,1179.4072
42.48,282.8771,1179.564
42.5,283.0103,1179.6827
42.52,283.1436,1179.7648
42.54,283.2771,1179.8654
42.56,283.4104,1179.9841
42.58,283.5437,1180.1968
42.6,283.6771,1180.2955
42.62,283.8104,1180.4608
42.64,283.9438,1180.5204
42.66,284.0771,1180.6727
42.68,284.2104,1180.7229
42.7,284.3437,1180.8975
42.72,284.4771,1180.9906
42.74,284.6104,1181.0828
42.76,284.7437,1181.2717
42.78,284.877,1181.3802
42.8,285.0104,1181.5336
42.82,285.1437,1181.614
42.84,285.277,1181.7615
42.86,285.4104,1181.8157
42.88,285.5437,1181.9429
42.9,285.6771,1182.015
42.92,285.8104,1182.1467
42.94,285.9436,1182.198
42.96,286.077,1182.2932
42.98,286.2104,1182.4435
43,286.3437,1182.5458
43.02,286.4771,1182.7168
43.04,286.6104,1182.8553
43.06,286.7437,1182.9795
43.08,286.8771,1183.004
43.1,287.0104,1183.2042
43.12,287.1437,1183.286
43.14,287.277,1183.4536
43.16,287.4104,1183.5756
43.18,287.5437,1183.6713
43.2,287.6771,1183.7848
43.22,287.8104,1183.9075
43.24,287.9438,1184.0356
43.26,288.0772,1184.1427
43.28,288.2105,1184.4054
43.3,288.3437,1184.4979
43.32,288.477,1184.6538
43.34,288.6102,1184.7466
43.36,288.7435,1184.954
43.38,288.877,1184.9398
43.4,289.0104,1185.0555
43.42,289.1438,1185.1934
43.44,289.2771,1185.326
43.46,289.4104,1185.4816
43.48,289.5436,1185.4739
43.5,289.6769,1185.6027
43.52,289.8103,1185.6725
43.54,289.9436,1185.8491
43.56,290.077,1185.9076
43.58,290.2104,1186.0399
43.6,290.3437,1186.0682
43.62,290.4771,1186.1876
43.64,290.6104,1186.2341
43.66,290.7437,1186.3888
43.68,290.8771,1186.4551
43.7,291.0105,1186.5243
43.72,291.1437,1186.6757
43.74,291.277,1186.6891
43.76,291.4103,1186.8549
43.78,291.5437,1186.9178
43.8,291.6771,1187.1162
43.82,291.8104,1187.1985
43.84,291.9437,1187.2927
43.86,292.077,1187.4131
43.88,292.2104,1187.5531
43.9,292.3438,1187.6614
43.92,292.4771,1187.7333
43.94,292.6104,1187.8589
43.96,292.7438,1187.9474
43.98,292.8771,1188.0557
44,293.0103,1188.1686
44.02,293.1436,1188.2784
44.04,293.277,1188.3127
44.06,293.4104,1188.5179
44.08,293.5437,1188.6382
44.1,293.677,1188.7789
44.12,293.8104,1188.881
44.14,293.9437,1188.8854
44.16,294.0771,1189.0458
44.18,294.2104,1189.1327
44.2,294.3437,1189.2473
44.22,294.4771,1189.2278
44.24,294.6104,1189.3888
44.26,294.7436,1189.4554
44.28,294.877,1189.5746
44.3,295.0103,1189.7062
44.32,295.1438,1189.8657
44.34,295.2772,1189.8994
44.36,295.4104,1190.0194
44.38,295.5437,1190.0557
44.4,295.677,1190.0562
44.42,295.8104,1190.2152
44.44,295.9437,1190.2402
44.46,296.0771,1190.4133
44.48,296.2105,1190.4799
44.5,296.3438,1190.6334
44.52,296.4771,1190.7031
44.54,296.6104,1190.7821
44.56,296.7437,1190.8176
44.58,296.8771,1190.8158
44.6,297.0104,1190.9469
44.62,297.1436,1191.0497
44.64,297.2769,1191.2063
44.66,297.4103,1191.3129
44.68,297.5438,1191.4677
44.7,297.6772,1191.5057
44.72,297.8105,1191.674
44.74,297.9438,1191.6975
44.76,298.0771,1191.7682
44.78,298.2104,1191.804
44.8,298.3436,1192.0471
44.82,298.4769,1192.1564
44.84,298.6104,1192.2111
44.86,298.7438,1192.3439
44.88,298.8771,1192.4324
44.9,299.0104,1192.5457
44.92,299.1436,1192.6078
44.94,299.277,1192.7965
44.96,299.4104,1192.8546
44.98,299.5437,1192.9282
45,299.6771,1193.0115
45.02,299.8104,1193.1257
45.04,299.9438,1193.2209
45.06,300.077,1193.2466
45.08,300.2103,1193.3071
45.1,300.3436,1193.3932
45.12,300.4771,1193.5702
45.14,300.6104,1193.5769
45.16,300.7437,1193.6875
45.18,300.8771,1193.6998
45.2,301.0104,1193.8308
45.22,301.1437,1193.8051
45.24,301.277,1193.8782
45.26,301.4103,1194.0076
45.28,301.5437,1194.113
45.3,301.6771,1194.2521
45.32,301.8104,1194.3649
45.34,301.9437,1194.4652
45.36,302.077,1194.4714
45.38,302.2104,1194.5874
45.4,302.3438,1194.6578
45.42,302.4771,1194.8203
45.44,302.6104,1194.8894
45.46,302.7437,1194.9684
45.48,302.8771,1195.0452
45.5,303.0104,1195.1575
45.52,303.1437,1195.2782
45.54,303.277,1195.3734
45.56,303.4104,1195.5205
45.58,303.5437,1195.5128
45.6,303.677,1195.6714
45.62,303.8103,1195.6707
45.64,303.9437,1195.8558
45.66,304.0771,1195.8955
45.68,304.2104,1196.0194
45.7,304.3437,1196.0544
45.72,304.4771,1196.2373
45.74,304.6104,1196.288
45.76,304.7438,1196.3923
45.78,304.8771,1196.462
45.8,305.0104,1196.4663
45.82,305.1437,1196.6637
45.84,305.2771,1196.668
45.86,305.4104,1196.7596
45.88,305.5435,1196.7589
45.9,305.6768,1196.8535
45.92,305.8103,1196.8959
45.94,305.9438,1197.0063
45.96,306.0771,1197.0587
45.98,306.2104,1197.0984
46,306.3437,1197.2684
46.02,306.4771,1197.3506
46.04,306.6104,1197.4719
46.06,306.7437,1197.4875
46.08,306.877,1197.6865
46.1,307.0104,1197.7089
46.12,307.1438,1197.827
46.14,307.277,1197.895
46.16,307.4104,1198.0009
46.18,307.5437,1198.078
46.2,307.6771,1198.205
46.22,307.8105,1198.3719
46.24,307.9438,1198.4087
46.26,308.077,1198.5333
46.28,308.2104,1198.6317
46.3,308.3437,1198.7719
46.32,308.4769,1198.8405
46.34,308.6103,1198.9001
46.36,308.7437,1198.9742
46.38,308.877,1199.0798
46.4,309.0104,1199.114
46.42,309.1437,1199.2582
46.44,309.2771,1199.3293
46.46,309.4105,1199.4012
46.48,309.5439,1199.4983
46.5,309.6771,1199.6022
46.52,309.8103,1199.7128
46.54,309.9436,1199.7173
46.56,310.077,1199.8182
46.58,310.2104,1199.8876
46.6,310.3437,1199.9856
46.62,310.4771,1200.0156
46.64,310.6104,1200.0629
46.66,310.7437,1200.1923
46.68,310.8769,1200.34
46.7,311.0103,1200.366
46.72,311.1437,1200.4662
46.74,311.2771,1200.603
46.76,311.4104,1200.6263
46.78,311.5437,1200.8131
46.8,311.677,1200.8314
46.82,311.8104,1200.996
46.84,311.9438,1201.073
46.86,312.0771,1201.182
46.88,312.2104,1201.239
46.9,312.3438,1201.3184
46.92,312.4771,1201.4354
46.94,312.6104,1201.5089
46.96,312.7437,1201.7006
46.98,312.877,1201.7706
47,313.0105,1201.9175
47.02,313.1438,1201.9845
47.04,313.2771,1202.1252
47.06,313.4103,1202.1576
47.08,313.5437,1202.3182
47.1,313.6771,1202.3868
47.12,313.8104,1202.5181
47.14,313.9437,1202.6062
47.16,314.0769,1202.655
47.18,314.2103,1202.7557
47.2,314.3437,1202.7904
47.22,314.477,1202.9247
47.24,314.6104,1202.9952
47.26,314.7438,1203.1298
47.28,314.8772,1203.1718
47.3,315.0104,1203.2899
47.32,315.1436,1203.3124
47.34,315.2769,1203.4429
47.36,315.4103,1203.4823
47.38,315.5436,1203.6351
47.4,315.677,1203.6829
47.42,315.8104,1203.7152
47.44,315.9438,1203.8411
47.46,316.0771,1203.9102
47.48,316.2104,1204.0696
47.5,316.3437,1204.0579
47.52,316.4771,1204.181
47.54,316.6105,1204.241
47.56,316.7438,1204.3788
47.58,316.877,1204.4553
47.6,317.0103,1204.5448
47.62,317.1436,1204.629
47.64,317.277,1204.7273
47.66,317.4104,1204.8799
47.68,317.5437,1204.9603
47.7,317.6772,1205.1028
47.72,317.8105,1205.1417
47.74,317.9437,1205.2566
47.76,318.077,1205.2848
47.78,318.2103,1205.4706
47.8,318.3437,1205.5367
47.82,318.477,1205.6427
47.84,318.6104,1205.6797
47.86,318.7437,1205.8312
47.88,318.877,1205.8776
47.9,319.0104,1205.9551
47.92,319.1437,1206.0325
47.94,319.277,1206.0645
47.96,319.4104,1206.228
47.98,319.5438,1206.3046
48,319.6771,1206.4606
48.02,319.8104,1206.5143
48.04,319.9437,1206.6179
48.06,320.077,1206.6681
48.08,320.2104,1206.7659
48.1,320.3437,1206.848
48.12,320.477,1206.8252
48.14,320.6103,1206.9506
48.16,320.7437,1207.0127
48.18,320.877,1207.0582
48.2,321.0104,1207.1683
48.22,321.1437,1207.3331
48.24,321.2771,1207.3666
48.26,321.4105,1207.5505
48.28,321.5437,1207.5695
48.3,321.677,1207.6541
48.32,321.8104,1207.7677
48.34,321.9438,1207.9233
48.36,322.0771,1207.9718
48.38,322.2105,1208.0242
48.4,322.3438,1208.129
48.42,322.477,1208.1973
48.44,322.6102,1208.3649
48.46,322.7436,1208.4497
48.48,322.877,1208.5967
48.5,323.0104,1208.6265
48.52,323.1438,1208.7792
48.54,323.2771,1208.8276
48.56,323.4104,1208.9677
48.58,323.5436,1209.0656
48.6,323.677,1209.1138
48.62,323.8104,1209.2133
48.64,323.9437,1209.2936
48.66,324.077,1209.4308
48.68,324.2104,1209.4603
48.7,324.3438,1209.5537
48.72,324.4771,1209.5433
48.74,324.6104,1209.6689
48.76,324.7438,1209.7219
48.78,324.8772,1209.813
48.8,325.0104,1209.8733
48.82,325.1437,1209.9536
48.84,325.2769,1210.0377
48.86,325.4103,1210.1471
48.88,325.5437,1210.328
48.9,325.677,1210.3402
48.92,325.8103,1210.3657
48.94,325.9437,1210.4441
48.96,326.0771,1210.5905
48.98,326.2105,1210.528
49,326.3438,1210.6685
49.02,326.4771,1210.7184
49.04,326.6104,1210.8488
49.06,326.7437,1210.9249
49.08,326.877,1211.0427
49.1,327.0103,1211.1481
49.12,327.1437,1211.1781
49.14,327.2771,1211.2938
49.16,327.4104,1211.3632
49.18,327.5436,1211.5026
49.2,327.6769,1211.6217
49.22,327.8103,1211.7465
49.24,327.9438,1211.8229
49.26,328.0771,1211.929
49.28,328.2104,1212.0425
49.3,328.3438,1212.2408
49.32,328.4771,1212.2628
49.34,328.6104,1212.3186
49.36,328.7436,1212.3472
49.38,328.877,1212.4894
49.4,329.0104,1212.6116
49.42,329.1438,1212.6105
49.44,329.2771,1212.7491
49.46,329.4104,1212.7909
49.48,329.5437,1212.9241
49.5,329.6771,1212.9756
49.52,329.8104,1213.1074
49.54,329.9437,1213.1511
49.56,330.077,1213.2635
49.58,330.2104,1213.3777
49.6,330.3438,1213.4141
49.62,330.477,1213.5192
49.64,330.6104,1213.5465
49.66,330.7438,1213.658
49.68,330.8771,1213.7363
49.7,331.0103,1213.8695
49.72,331.1436,1213.8695
49.74,331.2769,1214.004
49.76,331.4103,1214.0934
49.78,331.5438,1214.3118
49.8,331.6771,1214.3784
49.82,331.8105,1214.4404
49.84,331.9438,1214.5912
49.86,332.0771,1214.5941
49.88,332.2103,1214.6798
49.9,332.3435,1214.675
49.92,332.4769,1214.8885
49.94,332.6104,1215.0002
49.96,332.7438,1215.1368
49.98,332.8771,1215.218
50,333.0104,1215.3848
50.02,333.1437,1215.3719
50.04,333.2771,1215.4816
50.06,333.4104,1215.5851
50.08,333.5437,1215.6299
50.1,333.677,1215.7793
50.12,333.8104,1215.8569
50.14,333.9437,1215.9493
50.16,334.0769,1215.9532
50.18,334.2103,1216.1543
50.2,334.3438,1216.1967
50.22,334.4771,1216.2681
50.24,334.6105,1216.3795
50.26,334.7437,1216.4346
50.28,334.877,1216.4906
50.3,335.0103,1216.6754
50.32,335.1437,1216.7753
50.34,335.277,1216.8391
50.36,335.4103,1216.9839
50.38,335.5438,1216.9467
50.4,335.6771,1217.0239
50.42,335.8104,1217.0546
50.44,335.9437,1217.1721
50.46,336.077,1217.1858
50.48,336.2104,1217.3839
50.5,336.3438,1217.4176
50.52,336.4771,1217.4972
50.54,336.6104,1217.6121
50.56,336.7438,1217.6975
50.58,336.8771,1217.7749
50.6,337.0103,1217.7904
50.62,337.1436,1217.9049
50.64,337.277,1217.9746
50.66,337.4104,1218.1085
50.68,337.5437,1218.1307
50.7,337.677,1218.2645
50.72,337.8103,1218.3387
50.74,337.9438,1218.5104
50.76,338.0771,1218.5969
50.78,338.2104,1218.6975
50.8,338.3437,1218.8052
50.82,338.477,1218.8362
50.84,338.6104,1218.9711
50.86,338.7437,1219.0485
50.88,338.877,1219.23
50.9,339.0105,1219.2374
50.92,339.1439,1219.3171
50.94,339.2772,1219.3434
50.96,339.4103,1219.4823
50.98,339.5435,1219.5797
51,339.6769,1219.6478
51.02,339.8104,1219.7172
51.04,339.9438,1219.7972
51.06,340.0771,1219.8344
51.08,340.2104,1219.8195
51.1,340.3438,1219.9076
51.12,340.4771,1219.8787
51.14,340.6103,1220.0708
51.16,340.7436,1220.1014
51.18,340.877,1220.1697
51.2,341.0104,1220.1671
51.22,341.1438,1220.1857
51.24,341.277,1220.1133
51.26,341.4104,1181.3362
51.264,341.4371,1087.6704
51.267,341.4571,995.6288
51.27,341.4771,894.4147
51.273,341.4972,788.8113
51.275,341.5105,718.228
